ラグナロクX,2025/01/08,48037,39941,29,0
ラグナロクX,2025/01/09,8832,6843,26,0
ラグナロクX,2025/01/10,15417,11459,27,0
ラグナロクX,2025/01/11,32329,32065,17,0
ラグナロクX,2025/01/12,8338,5244,16,0
ラグナロクX,2025/01/13,13223,9177,28,0
ラグナロクX,2025/01/14,14098,10662,15,0
ラグナロクX,2025/01/15,13605,12970,26,0
ラグナロクX,2025/01/16,10017,7764,26,0
ラグナロクX,2025/01/17,25034,14041,28,0
ラグナロクX,2025/01/18,9129,7694,19,0
ラグナロクX,2025/01/19,6495,5727,20,0
ラグナロクX,2025/01/20,12102,11019,26,0
ラグナロクX,2025/01/21,9778,5451,22,0
ラグナロクX,2025/01/22,15191,10475,26,0
ラグナロクX,2025/01/23,12922,9018,21,0
ラグナロクX,2025/01/24,17923,14840,34,0
ラグナロクX,2025/01/25,9444,8627,18,0
ラグナロクX,2025/01/26,11702,11264,25,0
ラグナロクX,2025/01/27,12545,11198,29,0
ラグナロクX,2025/01/28,12266,8185,28,0
ラグナロクX,2025/01/29,11163,10783,32,0
ラグナロクX,2025/01/30,7936,6483,21,0
ラグナロクX,2025/01/31,8465,7578,31,0
ラグナロクX,2025/02/01,15714,14050,29,0
ラグナロクX,2025/02/02,17345,12557,33,0
ラグナロクX,2025/02/03,10920,5447,24,0
ラグナロクX,2025/02/04,9654,8694,28,0
ラグナロクX,2025/02/05,8461,7528,30,0
ラグナロクX,2025/02/06,19471,12630,28,0
ラグナロクX,2025/02/07,91360,8950,28,0
ラグナロクX,2025/02/08,5282,4466,21,0
ラグナロクX,2025/02/09,15785,12271,37,0
ラグナロクX,2025/02/10,10867,7502,26,0
ラグナロクX,2025/02/11,17403,6853,27,0
ラグナロクX,2025/02/12,16478,10945,33,0
ラグナロクX,2025/02/13,17545,9053,32,0
ラグナロクX,2025/02/14,4889,1870,21,0
ラグナロクX,2025/02/15,19212,18764,30,0
ラグナロクX,2025/02/16,14615,12381,32,0
ラグナロクX,2025/02/17,12746,11072,29,0
ラグナロクX,2025/02/18,18696,12844,28,0
ラグナロクX,2025/02/19,37328,20350,33,0
ラグナロクX,2025/02/20,16565,14576,32,0
ラグナロクX,2025/02/21,20955,13255,34,0
ラグナロクX,2025/02/22,10256,7320,17,0
ラグナロクX,2025/02/23,7577,6735,20,0
ラグナロクX,2025/02/24,10176,9992,21,0
ラグナロクX,2025/02/25,10181,9311,25,0
ラグナロクX,2025/02/26,8951,3945,24,0
ラグナロクX,2025/02/27,12423,11894,26,0
ラグナロクX,2025/02/28,11511,7262,23,0
ラグナロクX,2025/03/01,15574,14567,20,0
ラグナロクX,2025/03/02,7673,5919,28,0
ラグナロクX,2025/03/03,11904,10408,30,0
ラグナロクX,2025/03/04,8457,7438,23,0
ラグナロクX,2025/03/05,9319,7412,30,0
ラグナロクX,2025/03/06,10215,7153,29,0
ラグナロクX,2025/03/07,38001,8164,25,0
ラグナロクX,2025/03/08,9767,8978,19,0
ラグナロクX,2025/03/09,11152,10014,21,0
ラグナロクX,2025/03/10,17886,10483,34,0
ラグナロクX,2025/03/11,8857,6218,32,0
ラグナロクX,2025/03/12,24254,6002,22,0
ラグナロクX,2025/03/13,9471,7797,32,0
ラグナロクX,2025/03/14,12790,7706,32,0
ラグナロクX,2025/03/15,6265,5143,25,0
ラグナロクX,2025/03/16,10541,8769,23,0
ラグナロクX,2025/03/17,5574,4551,31,0
ラグナロクX,2025/03/18,15554,8479,25,0
ラグナロクX,2025/03/19,16605,12956,34,0
ラグナロクX,2025/03/20,18415,11663,26,0
ラグナロクX,2025/03/21,6165,5321,22,0
ラグナロクX,2025/03/22,13815,12761,25,0
ラグナロクX,2025/03/23,12207,10328,28,0
ラグナロクX,2025/03/24,8701,7735,28,0
ラグナロクX,2025/03/25,24773,24447,22,0
ラグナロクX,2025/03/26,24648,19409,31,0
ラグナロクX,2025/03/27,13492,11128,22,0
ラグナロクX,2025/03/28,9260,8236,26,0
ラグナロクX,2025/03/29,6767,4261,16,0
ラグナロクX,2025/03/30,17535,11489,31,0
ラグナロクX,2025/03/31,8213,7328,18,0
ラグナロクX,2025/04/01,27282,10226,19,0
ラグナロクX,2025/04/02,12360,5041,18,0
ラグナロクX,2025/04/03,11154,10058,36,0
ラグナロクX,2025/04/04,19729,15194,34,0
ラグナロクX,2025/04/05,11086,9237,29,0
ラグナロクX,2025/04/06,9197,6379,27,0
ラグナロクX,2025/04/07,15737,7120,32,0
ラグナロクX,2025/04/08,8214,7869,37,0
ラグナロクX,2025/04/09,8595,6960,21,0
ラグナロクX,2025/04/10,12166,6651,25,0
ラグナロクX,2025/04/11,9213,8551,30,0
ラグナロクX,2025/04/12,21754,6124,26,0
ラグナロクX,2025/04/13,6908,6224,27,0
ラグナロクX,2025/04/14,13254,7732,28,0
ラグナロクX,2025/04/15,14297,9749,30,0
ラグナロクX,2025/04/16,15675,14301,25,0
ラグナロクX,2025/04/17,7779,1843,25,0
ラグナロクX,2025/04/18,10478,8447,28,0
ラグナロクX,2025/04/19,12839,11897,27,0
ラグナロクX,2025/04/20,9597,4769,22,0
ラグナロクX,2025/04/21,13689,10324,31,0
ラグナロクX,2025/04/22,10912,6359,24,0
ラグナロクX,2025/04/23,7492,6486,28,0
ラグナロクX,2025/04/24,15177,8506,26,0
ラグナロクX,2025/04/25,5366,4705,25,0
ラグナロクX,2025/04/26,10935,10204,18,0
ラグナロクX,2025/04/27,4686,3550,25,0
ラグナロクX,2025/04/28,14676,10347,27,0
ラグナロクX,2025/04/29,13623,12453,26,0
ラグナロクX,2025/04/30,5379,2985,18,0
ラグナロクX,2025/05/01,364762,8663,33,0
ラグナロクX,2025/05/02,27280,4091,26,0
ラグナロクX,2025/05/03,22841,6586,37,0
ラグナロクX,2025/05/04,267540,6294,28,0
ラグナロクX,2025/05/05,9989,5330,23,0
ラグナロクX,2025/05/06,10930,6344,26,0
ラグナロクX,2025/05/07,25952,5324,29,0
ラグナロクX,2025/05/08,25428,8997,43,0
ラグナロクX,2025/05/09,74550,23802,69,0
ラグナロクX,2025/05/10,49039,23364,64,0
ラグナロクX,2025/05/11,32350,12542,51,0
ラグナロクX,2025/05/12,22275,10996,40,0
ラグナロクX,2025/05/13,24002,15385,43,0
ラグナロクX,2025/05/14,31115,19319,48,0
ラグナロクX,2025/05/15,41109,11037,57,0
ラグナロクX,2025/05/16,54030,18293,68,0
ラグナロクX,2025/05/17,27792,17481,51,0
ラグナロクX,2025/05/18,88509,46652,49,0
ラグナロクX,2025/05/19,79258,13766,50,0
ラグナロクX,2025/05/20,87918,15225,52,0
ラグナロクX,2025/05/21,33072,8081,50,0
ラグナロクX,2025/05/22,17077,11617,39,0
ラグナロクX,2025/05/23,25482,10880,51,0
ラグナロクX,2025/05/24,17257,15016,34,0
ラグナロクX,2025/05/25,11051,5290,30,0
ラグナロクX,2025/05/26,20947,14291,43,0
ラグナロクX,2025/05/27,46370,14272,55,0
ラグナロクX,2025/05/28,12138,9110,33,0
ラグナロクX,2025/05/29,12667,3817,26,0
ラグナロクX,2025/05/30,35319,20725,34,0
ラグナロクX,2025/05/31,20157,15692,38,0
ラグナロクX,2025/06/01,26860,11431,53,0
ラグナロクX,2025/06/02,75788,8404,37,0
ラグナロクX,2025/06/03,20885,15631,43,0
ラグナロクX,2025/06/04,12957,9933,42,0
ラグナロクX,2025/06/05,24175,21183,31,0
ラグナロクX,2025/06/06,129203,4879,39,0
ラグナロクX,2025/06/07,16708,10295,44,0
ラグナロクX,2025/06/08,17292,13788,44,0
ラグナロクX,2025/06/09,15220,9993,35,0
ラグナロクX,2025/06/10,23457,10472,54,0
ラグナロクX,2025/06/11,33053,19829,45,0
ラグナロクX,2025/06/12,56059,41392,54,0
ラグナロクX,2025/06/13,23475,15861,47,0
ラグナロクX,2025/06/14,20023,14599,30,0
ラグナロクX,2025/06/15,13773,10936,28,0
ラグナロクX,2025/06/16,14073,5655,41,0
ラグナロクX,2025/06/17,24535,18153,36,0
ラグナロクX,2025/06/18,22937,14450,45,0
ラグナロクX,2025/06/19,11289,6551,38,0
ラグナロクX,2025/06/20,37514,19031,40,0
ラグナロクX,2025/06/21,31072,5333,27,0
ラグナロクX,2025/06/22,13126,6805,35,0
ラグナロクX,2025/06/23,10807,5056,38,0
ラグナロクX,2025/06/24,20896,11919,32,0
ラグナロクX,2025/06/25,21321,17199,34,0
ラグナロクX,2025/06/26,17770,13616,34,0
ラグナロクX,2025/06/27,6153,2822,33,0
ラグナロクX,2025/06/28,17624,10325,33,0
ラグナロクX,2025/06/29,26411,15475,34,0
ラグナロクX,2025/06/30,9591,6600,25,0
ラグナロクX,2025/07/01,33480,21342,39,0
ラグナロクX,2025/07/02,69628,23573,43,0
ラグナロクX,2025/07/03,27183,8872,34,0
ラグナロクX,2025/07/04,20504,11485,43,0
ラグナロクX,2025/07/05,14175,6589,30,0
ラグナロクX,2025/07/06,27952,19801,38,0
ラグナロクX,2025/07/07,18607,11586,35,0
ラグナロクX,2025/07/08,16963,10981,35,0
ラグナロクX,2025/07/09,76507,9368,36,0
ラグナロクX,2025/07/10,14876,8523,35,0
ラグナロクX,2025/07/11,16574,10368,39,0
ラグナロクX,2025/07/12,22732,11930,40,0
ラグナロクX,2025/07/13,22489,6858,33,0
ラグナロクX,2025/07/14,53829,16904,42,0
ラグナロクX,2025/07/15,11532,8051,29,0
ラグナロクX,2025/07/16,28819,14633,43,0
ラグナロクX,2025/07/17,8451,4842,31,0
ラグナロクX,2025/07/18,27600,15331,48,0
ラグナロクX,2025/07/19,55800,4938,33,0
ラグナロクX,2025/07/20,21790,13450,42,0
ラグナロクX,2025/07/21,12402,5560,27,0
ラグナロクX,2025/07/22,42340,18458,47,0
ラグナロクX,2025/07/23,15714,7581,42,0
ラグナロクX,2025/07/24,22601,5297,31,0
ラグナロクX,2025/07/25,16620,5078,32,0
ラグナロクX,2025/07/26,11503,7943,28,0
ラグナロクX,2025/07/27,11347,6145,36,0
ラグナロクX,2025/07/28,13301,4781,31,0
ラグナロクX,2025/07/29,48401,7076,29,0
ラグナロクX,2025/07/30,20672,9942,41,0
ラグナロクX,2025/07/31,12200,2954,27,0
ラグナロクX,2025/08/01,23634,9637,39,0
ラグナロクX,2025/08/02,23441,2227,41,0
ラグナロクX,2025/08/03,14083,9151,36,0
ラグナロクX,2025/08/04,54148,3933,41,0
ラグナロクX,2025/08/05,6953,3061,26,0
ラグナロクX,2025/08/06,20070,5609,36,0
ラグナロクX,2025/08/07,10871,5876,30,0
ラグナロクX,2025/08/08,22715,8115,37,0
ラグナロクX,2025/08/09,28187,12431,40,0
ラグナロクX,2025/08/10,14973,10944,32,0
ラグナロクX,2025/08/11,6064,3432,24,0
ラグナロクX,2025/08/12,68486,15762,44,0
ラグナロクX,2025/08/13,21139,12146,45,0
ラグナロクX,2025/08/14,28691,16722,51,0
ラグナロクX,2025/08/15,19762,7072,41,0
ラグナロクX,2025/08/16,17625,6858,29,0
ラグナロクX,2025/08/17,9235,8303,23,0
ラグナロクX,2025/08/18,11119,7746,29,0
ラグナロクX,2025/08/19,41133,12176,32,0
ラグナロクX,2025/08/20,15530,9798,44,0
ラグナロクX,2025/08/21,14209,10970,36,0
ラグナロクX,2025/08/22,15271,7092,37,0
ラグナロクX,2025/08/23,16480,6027,23,0
ラグナロクX,2025/08/24,14996,6236,28,0
ラグナロクX,2025/08/25,18565,9329,28,0
ラグナロクX,2025/08/26,20733,10175,40,0
ラグナロクX,2025/08/27,13204,12245,30,0
ラグナロクX,2025/08/28,17953,14538,40,0
ラグナロクX,2025/08/29,15117,4966,31,0
ラグナロクX,2025/08/30,11121,5773,33,0
ラグナロクX,2025/08/31,13941,5772,40,0
ラグナロクX,2025/09/01,9661,4066,32,0
ラグナロクX,2025/09/02,12964,5714,28,0
ラグナロクX,2025/09/03,18088,7588,30,0
ラグナロクX,2025/09/04,14182,3874,25,0
ラグナロクX,2025/09/05,26537,2305,30,0
ラグナロクX,2025/09/06,17469,13929,31,0
ラグナロクX,2025/09/07,13401,3315,24,0
ラグナロクX,2025/09/08,13357,8721,31,0
ラグナロクX,2025/09/09,21774,18484,44,0
ラグナロクX,2025/09/10,17597,9094,31,0
ラグナロクX,2025/09/11,13432,5007,39,0
ラグナロクX,2025/09/12,14402,9635,44,0
ラグナロクX,2025/09/13,52419,6588,43,0
ラグナロクX,2025/09/14,9075,6103,33,0
ラグナロクX,2025/09/15,6142,3325,27,0
ラグナロクX,2025/09/16,15034,9298,35,0
ラグナロクX,2025/09/17,5847,4387,34,0
ラグナロクX,2025/09/18,9781,4171,33,0
ラグナロクX,2025/09/19,25446,2568,38,0
ラグナロクX,2025/09/20,35586,5358,36,0
ラグナロクX,2025/09/21,26154,4910,31,0
ラグナロクX,2025/09/22,19092,9240,28,0
ラグナロクX,2025/09/23,9752,7883,24,0
ラグナロクX,2025/09/24,11117,5824,34,0
ラグナロクX,2025/09/25,9283,6488,26,0
ラグナロクX,2025/09/26,16445,2898,29,0
ラグナロクX,2025/09/27,18496,5034,29,0
ラグナロクX,2025/09/28,16459,11526,33,0
ラグナロクX,2025/09/29,21959,14261,32,0
ラグナロクX,2025/09/30,15204,7344,37,0
ラグナロクX,2025/10/01,14183,8471,34,0
ラグナロクX,2025/10/02,13880,8121,23,0
ラグナロクX,2025/10/03,11908,8445,37,0
ラグナロクX,2025/10/04,9831,7109,26,0
ラグナロクX,2025/10/05,34572,10348,33,0
ラグナロクX,2025/10/06,6366,5112,30,0
ラグナロクX,2025/10/08,16579,3132,31,0
ラグナロクX,2025/10/09,8716,4312,30,0
ラグナロクX,2025/10/10,13917,4153,26,0
ラグナロクX,2025/10/11,8133,5801,20,0
ラグナロクX,2025/10/12,23496,7894,37,0
ラグナロクX,2025/10/13,9862,4701,33,0
ラグナロクX,2025/10/14,16806,6015,32,0
ラグナロクX,2025/10/15,11226,6203,36,0
ラグナロクX,2025/10/16,16503,7317,30,0
ラグナロクX,2025/10/17,23931,2722,30,0
ラグナロクX,2025/10/18,13713,7320,21,0
ラグナロクX,2025/10/19,16969,7199,25,0
ラグナロクX,2025/10/20,16348,9555,33,0
ラグナロクX,2025/10/21,9217,2054,24,0
ラグナロクX,2025/10/22,25618,4470,28,0
ラグナロクX,2025/10/23,10508,2811,21,0
ラグナロクX,2025/10/24,10937,4794,22,0
ラグナロクX,2025/10/25,22245,1579,26,0
ラグナロクX,2025/10/26,24457,2937,26,0
ラグナロクX,2025/10/27,55612,2022,31,0
ラグナロクX,2025/10/28,9890,4068,21,0
ラグナロクX,2025/10/29,76139,4711,37,0
ラグナロクX,2025/10/30,14989,1826,18,0
ラグナロクX,2025/10/31,14856,7806,30,0
ラグナロクX,2025/11/01,21667,2228,24,0
ラグナロクX,2025/11/02,17856,10001,24,0
ラグナロクX,2025/11/03,53555,2827,27,0
ラグナロクX,2025/11/04,53839,7766,30,0
ラグナロクX,2025/11/05,12990,5074,31,0
ラグナロクX,2025/11/06,9962,2486,18,0
ラグナロクX,2025/11/07,14985,4257,26,0
ラグナロクX,2025/11/08,8549,2384,21,0
ラグナロクX,2025/11/09,20765,1905,39,0
ラグナロクX,2025/11/10,13241,3288,21,0
ラグナロクX,2025/11/11,17053,2922,23,0
ラグナロクX,2025/11/12,7895,3190,21,0
ラグナロクX,2025/11/13,7971,4935,17,0
ラグナロクX,2025/11/14,29104,3351,22,0
ラグナロクX,2025/11/15,18914,6107,30,0
ラグナロクX,2025/11/16,10897,4813,19,0
ラグナロクX,2025/11/17,33406,4591,19,0
ラグナロクX,2025/11/18,12800,6500,24,0
ラグナロクX,2025/11/19,15844,8907,36,0
ラグナロクX,2025/11/20,11375,8116,24,0
ラグナロクX,2025/11/21,17253,6266,23,0
ラグナロクX,2025/11/22,55680,8107,23,0
ラグナロクX,2025/11/23,28185,10185,19,0
ラグナロクX,2025/11/24,24605,18889,21,0
ラグナロクX,2025/11/25,24323,18854,20,0
ラグナロクX,2025/11/26,39348,20376,38,0
ラグナロクX,2025/11/27,15106,8981,28,0
ラグナロクX,2025/11/28,20366,9954,31,0
ラグナロクX,2025/11/29,30092,28467,23,0
ラグナロクX,2025/11/30,8249,7092,22,0
ラグナロクX,2025/12/01,9378,2047,13,0
ラグナロクX,2025/12/02,43311,6712,25,0
ラグナロクX,2025/12/03,33689,11345,24,0
ラグナロクX,2025/12/04,19803,8131,18,0
ラグナロクX,2025/12/05,62870,13230,29,0
ラグナロクX,2025/12/06,18525,4619,15,0
ラグナロクX,2025/12/07,11385,6608,24,0
ラグナロクX,2025/12/08,26250,17019,21,0
ラグナロクX,2025/12/09,4850,2427,16,0
ラグナロクX,2025/12/10,45398,5430,26,0
ラグナロクX,2025/12/11,16997,7044,21,0
ラグナロクX,2025/12/12,21012,6264,25,0
ラグナロクX,2025/12/13,231507,3737,22,0
ラグナロクX,2025/12/14,23370,5235,29,0
ラグナロクX,2025/12/15,19688,7837,24,0
ラグナロクX,2025/12/16,15410,4712,25,0
ラグナロクX,2025/12/17,690108,6598,23,0
ラグナロクX,2025/12/18,11415,5451,24,0
ラグナロクX,2025/12/19,9928,2160,25,0
ラグナロクX,2025/12/20,13176,3031,23,0
ラグナロクX,2025/12/21,7694,6990,18,0
ラグナロクX,2025/12/22,11429,2913,25,0
ラグナロクX,2025/12/23,69170,4246,22,0
ラグナロクX,2025/12/24,287955,3497,27,0
ラグナロクX,2025/12/25,47055,8875,27,0
ラグナロクX,2025/12/26,7935,6967,20,0
ラグナロクX,2025/12/27,6568,2904,16,0
ラグナロクX,2025/12/28,13605,6730,19,0
ラグナロクX,2025/12/29,53107,4273,29,0
ラグナロクX,2025/12/30,26159,5784,25,0
ラグナロクX,2025/12/31,14755,5122,28,0
ラグナロクX,2026/01/01,14948,5105,26,0
ラグナロクX,2026/01/02,38436,7202,27,0
ラグナロクX,2026/01/03,11451,2832,25,0
ラグナロクX,2026/01/04,8716,3241,20,0
ラグナロクX,2026/01/05,7244,3206,19,0
ラグナロクX,2026/01/06,19639,2112,21,0
ラグナロクX,2026/01/07,5845,3229,17,0
ラグナロクX,2026/01/08,31524,6462,17,0
ラグナロクX,2026/01/09,5476,3181,19,0
ラグナロクX,2026/01/10,6848,5294,21,0
ラグナロクX,2026/01/11,9313,4208,24,0
ラグナロクX,2026/01/12,7329,4069,17,0
ラグナロクX,2026/01/13,25908,6337,34,0
ラグナロクX,2026/01/14,317192,9189,37,0
ラグナロクX,2026/01/15,22833,9220,27,0
ラグナロクX,2026/01/16,53666,8514,48,0
ラグナロクX,2026/01/17,139122,9473,34,0
ラグナロクX,2026/01/18,24838,12847,40,0
ラグナロクX,2026/01/19,26499,16521,39,0
ラグナロクX,2026/01/20,32807,12929,41,0
ラグナロクX,2026/01/21,13955,5685,29,0
ラグナロクX,2026/01/22,15451,5585,37,0
ラグナロクX,2026/01/23,27622,7305,36,0
ラグナロクX,2026/01/24,35209,6293,36,0
ラグナロクX,2026/01/25,51531,27838,31,0
ラグナロクX,2026/01/26,19096,6377,28,0
ラグナロクX,2026/01/27,9912,3851,34,0
ラグナロクX,2026/01/28,12482,2036,25,0
ラグナロクX,2026/01/29,26954,4287,25,0
ラグナロクX,2026/01/30,14825,7161,27,0
ラグナロクX,2026/01/31,6577,2927,26,0
ラグナロクX,2026/02/01,28495,9813,28,0
ラグナロクX,2026/02/02,15724,5521,27,0
ラグナロクX,2026/02/03,20793,15331,22,0
ラグナロクX,2026/02/04,105328,9882,31,0
ラグナロクX,2026/02/05,15352,7551,25,0
ラグナロクX,2026/02/06,29669,15544,25,0
ラグナロクX,2026/02/07,20682,4397,27,0
ラグナロクX,2026/02/08,6783,2907,26,0
ラグナロクX,2026/02/09,13450,8112,26,0
ラグナロクX,2026/02/10,16780,5294,29,0
ラグナロクX,2026/02/11,20673,10940,24,0
ラグナロクX,2026/02/12,10038,350,21,0
ラグナロクX,2026/02/13,7965,2931,24,0
ラグナロクX,2026/02/14,29914,11012,19,0
ラグナロクX,2026/02/15,8168,3864,24,0
ラグナロクX,2026/02/16,32307,25246,27,0
ラグナロクX,2026/02/17,26195,7333,24,0
ラグナロクX,2026/02/18,45420,5306,26,0
ラグナロクX,2026/02/19,13713,11438,19,0
ラグナロクX,2026/02/20,52039,3538,13,0
ラグナロクX,2026/02/21,9400,7356,16,0
ラグナロクX,2026/02/23,19048,8933,18,0
ラグナロクX,2026/02/24,13685,8498,24,0
ラグナロクX,2026/02/25,25435,11365,25,0
ラグナロクX,2026/02/26,20431,14309,23,0
ラグナロクX,2026/02/27,19079,13623,24,0
ラグナロクX,2026/02/28,11357,7729,15,0
ラグナロクX,2026/03/01,13279,8739,15,0
ラグナロクX,2026/03/02,18315,7001,20,0
ラグナロクX,2026/03/03,35607,6637,16,0
ラグナロクX,2026/03/04,18268,10627,21,0
ラグナロクX,2026/03/05,26707,8456,27,0
ラグナロクX,2026/03/06,43973,32554,21,0
ラグナロクX,2026/03/07,13997,10914,23,0
ラグナロクX,2026/03/08,5287,3613,26,0
ラグナロクX,2026/03/09,24861,6298,15,0
ラグナロクX,2026/03/10,7480,5036,27,0
ラグナロクX,2026/03/12,7185,2871,15,0
ラグナロクX,2026/03/13,21197,3956,26,0
ラグナロクX,2026/03/14,9352,5190,15,0
ラグナロクX,2026/03/15,13330,4417,23,0
ラグナロクX,2026/03/16,59249,3866,25,0
ラグナロクX,2026/03/17,3844,3306,11,0
ラグナロクX,2026/03/18,5547,4232,14,0
ラグナロクX,2026/03/20,5378,3816,18,0
ラグナロクX,2026/03/21,16144,6468,22,0
ラグナロクX,2026/03/22,3843,2667,15,0
ラグナロクX,2026/03/24,7990,5006,19,0
ラグナロクX,2026/03/25,11871,7853,14,0
ラグナロクX,2026/03/26,7623,1799,12,0
ラグナロクX,2026/03/27,9733,2713,22,0
ラグナロクX,2026/03/28,49669,11850,17,0
ラグナロクX,2026/03/29,7754,4754,16,0
ラグナロクX,2026/03/30,8898,5408,21,0
ラグナロクX,2026/03/31,44914,5342,11,0
ラグナロクX,2026/04/01,8090,6198,21,0
ラグナロクX,2026/04/02,35511,2086,21,0
ラグナロクX,2026/04/03,5491,3430,12,0
ラグナロクX,2026/04/04,1968,1683,8,0
ラグナロクX,2026/04/05,13989,11607,8,0
ラグナロクX,2026/04/06,32010,7273,21,0
ラグナロクX,2026/04/07,9968,5199,15,0
ラグナロクX,2026/04/08,10495,5948,15,0
ラグナロクX,2026/04/09,9121,4293,20,0
ラグナロクX,2026/04/10,6561,5912,17,0
ラグナロクX,2026/04/11,4946,3231,14,0
ラグナロクX,2026/04/12,7964,3370,15,0
ラグナロクX,2026/04/13,6411,1235,14,0
ラグナロクX,2026/04/14,33931,6416,20,0
ラグナロクX,2026/04/15,2730,2407,10,0
ラグナロクX,2026/04/16,10025,6367,19,0
ラグナロクX,2026/04/17,16677,7026,20,0
ラグナロクX,2026/04/18,8076,5684,10,0
ラグナロクX,2026/04/19,13949,8565,15,0
ラグナロクX,2026/04/20,15345,12063,24,0
ラグナロクX,2026/04/21,6999,5389,13,0
ラグナロクX,2026/04/22,11697,8331,20,0
ラグナロクX,2026/04/23,6045,5058,19,0
ラグナロクX,2026/04/24,13263,6315,22,0
ラグナロクX,2026/04/25,5929,4399,11,0
ラグナロクX,2026/04/26,14633,9249,24,0
ラグナロクX,2026/04/27,18962,8549,22,0
ラグナロクX,2026/04/28,7790,3894,13,0
ラグナロクX,2026/04/29,50351,3944,20,0
ラグナロクX,2026/04/30,10248,5793,17,0
ラグナロクX,2026/05/01,9980,7738,20,0
ラグナロクX,2026/05/02,5498,3687,11,0
ラグナロクX,2026/05/03,7971,3246,18,0
ラグナロクX,2026/05/04,26565,5754,24,0
ラグナロクX,2026/05/05,16104,10227,28,0
ラグナロクX,2026/05/06,47650,8481,50,0
ラグナロクX,2026/05/07,173831,9179,49,0
ラグナロクX,2026/05/08,23020,10438,54,0
ラグナロクX,2026/05/09,35904,11765,33,0
ラグナロクX,2026/05/10,21952,10306,42,0
ラグナロクX,2026/05/11,16244,11898,48,0
ラグナロクX,2026/05/12,25780,9854,38,0
ラグナロクX,2026/05/13,48210,7576,41,0
ラグナロクX,2026/05/14,18309,11010,46,0
ラグナロクX,2026/05/15,24817,18028,58,0
ラグナロクX,2026/05/16,16662,14726,35,0
ラグナロクX,2026/05/17,14561,5915,50,0
ラグナロクX,2026/05/18,9078,7645,44,0
ラグナロクX,2026/05/19,17229,9028,36,0
ラグナロクX,2026/05/20,6585,3066,31,0
ラグナロクX,2026/05/27,14994,12167,49,0
ラグナロクX,2026/05/28,14376,12179,47,0
ラグナロクX,2026/05/29,15998,11660,53,0
ラグナロクX,2026/05/30,86090,8978,40,0
ラグナロクX,2026/05/31,96251,9913,53,0
ラグナロクX,2026/06/01,17495,10542,48,0
ラグナロクX,2026/06/02,13282,8196,33,0
ラグナロクX,2026/06/03,37841,6478,43,0
ラグナロクX,2026/06/04,444511,15551,37,0
ラグナロクX,2026/06/05,18486,12785,43,0
ラグナロクX,2026/06/06,30804,14947,43,0
ラグナロクX,2026/06/07,15151,8957,36,0
ラグナロクX,2026/06/08,25395,7976,47,0
ラグナロクX,2026/06/09,23481,5154,37,0
ラグナロクX,2026/06/10,19236,10469,53,0
ラグナロクX,2026/06/11,17285,11354,39,0
ラグナロクX,2026/06/12,13836,9570,44,0
ラグナロクX,2026/06/13,18323,10161,43,0
ラグナロクX,2026/06/14,24194,13705,50,0
ラグナロクX,2026/06/15,12433,9896,48,0
ラグナロクX,2026/06/16,64175,26603,65,0
ラグナロクX,2026/06/17,36321,26260,54,0
ラグナロクX,2026/06/18,42789,14030,54,0
ラグナロクX,2026/06/19,35699,21524,50,0
ラグナロクX,2026/06/20,29308,15171,45,0
ラグナロクX,2026/06/22,24664,16889,56,0
ラグナロクX,2026/06/23,13534,9498,50,0
ラグナロクX,2026/06/24,14744,8489,50,0
ラグナロクX,2026/06/26,34106,13920,59,0
ラグナロクX,2026/06/27,10871,9545,47,0